{"was": 1.0, "them": 0.9519230769230771, "he": 0.9038461538461542, "and all": 0.8557692307692313, "had": 0.8076923076923073, "mean": 0.7596153846153844, "out": 0.7115384615384613, "we": 0.6634615384615384, "much": 0.6153846153846155, "two": 0.5673076923076926, "school": 0.5192307692307686, "been": 0.4711538461538457, "see": 0.4230769230769228, "felt": 0.37499999999999983, "knew": 0.3269230769230769, "they": 0.278846153846154, "hate": 0.23076923076923112, "because": 0.18269230769230707, "how": 0.13461538461538416, "on": 0.08653846153846124, "like": 0.03846153846153833}