{"of my": 1.0, "yet": 0.9519230769230771, "would": 0.9038461538461542, "still": 0.8557692307692313, "send": 0.8076923076923073, "window": 0.7596153846153844, "any other": 0.7115384615384613, "will": 0.6634615384615384, "head": 0.6153846153846155, "hand": 0.5673076923076926, "than": 0.5192307692307686, "sun": 0.4711538461538457, "again": 0.4230769230769228, "not": 0.37499999999999983, "leave": 0.3269230769230769, "me to": 0.278846153846154, "toward": 0.23076923076923112, "deep": 0.18269230769230707, "far": 0.13461538461538416, "of that": 0.08653846153846124, "by": 0.03846153846153833}